AREA_NAME,year,ASSAULT,ASSAULT_RATE,BIKETHEFT,BIKETHEFT_RATE,BREAKENTER,BREAKENTER_RATE,HOMICIDE,HOMICIDE_RATE,ROBBERY,ROBBERY_RATE,SHOOTING,SHOOTING_RATE,THEFTFROMMV,THEFTFROMMV_RATE,THEFTOVER,THEFTOVER_RATE
beechborough-greenbrook,2014,60,903.0704346,1,15.05117416,20,301.023468,0,0,16,240.8187866,1,15.05117416,9,135.4605713,2,30.10234833
beechborough-greenbrook,2015,67,1014.229492,5,75.68876648,15,227.0662994,0,0,11,166.5152893,4,60.55101395,17,257.3417969,5,75.68876648
beechborough-greenbrook,2016,62,940.1061401,1,15.16300201,11,166.7930298,0,0,13,197.1190338,1,15.16300201,8,121.3040161,4,60.65200806
beechborough-greenbrook,2017,62,928.2826538,0,0,16,239.5568237,0,0,9,134.7507172,1,14.97230148,17,254.5291138,2,29.94460297
beechborough-greenbrook,2018,47,691.7868652,1,14.71886921,25,367.9717407,0,0,13,191.3453064,0,0,12,176.6264343,0,0
beechborough-greenbrook,2019,67,974.2620239,1,14.54122448,11,159.9534607,0,0,12,174.4946899,5,72.70612335,7,101.7885742,2,29.08244896
beechborough-greenbrook,2020,47,679.6818237,0,0,7,101.2292099,0,0,4,57.84526443,1,14.46131611,21,303.6876221,2,28.92263222
beechborough-greenbrook,2021,57,824.1758423,0,0,7,101.2145767,2,28.9184494,13,187.9699249,5,72.29612732,13,187.9699249,0,0
beechborough-greenbrook,2022,70,1005.313782,0,0,13,186.7011414,0,0,2,28.72325134,2,28.72325134,24,340.087856,2,28.72325134
beechborough-greenbrook,2023,82,1161.966797,3,42.51098251,24,340.0878601,1,14.17032719,12,170.0439301,5,70.85163879,12,170.0439301,7,99.19229126
black creek,2014,212,943.8162231,9,40.06766891,26,115.7510452,0,0,42,186.9824524,11,48.97159576,40,178.078537,9,40.06766891
black creek,2015,214,959.2540894,9,40.34246445,27,121.0273895,0,0,38,170.3348389,11,49.30745316,27,121.0273895,4,17.92998314
black creek,2016,264,1188.86792,4,18.01314926,27,121.5887604,1,4.503287315,36,162.1183472,16,72.05259705,55,247.6808014,8,36.02629852
black creek,2017,229,1021.136169,2,8.918219566,27,120.3959656,0,0,50,222.9555054,12,53.50931931,46,205.1190643,17,75.80487061
black creek,2018,186,819.8166504,10,44.07616425,30,132.2284851,4,17.63046455,26,114.5980225,15,66.11424255,55,242.4188995,8,35.26092911
black creek,2019,205,895.5875854,7,30.58103943,38,166.0113525,0,0,44,192.2236786,6,26.21232033,65,283.9667969,9,39.31848145
black creek,2020,260,1134.776489,2,8.729050636,24,104.7486038,3,13.09357548,23,100.384079,18,78.56145477,87,379.7136841,16,69.83240509
black creek,2021,207,908.0540161,7,30.707141879999998,27,118.4418335,0,0,12,52.64081573,13,57.02754974,65,285.1377563,9,39.48060989
black creek,2022,232,1014.074646,3,13.01687855,33,144.2433777,1,4.371011257,19,83.04921722,10,43.71011353,42,182.2362997,8,34.96809006
black creek,2023,231,1002.299622,5,21.69479752,29,125.8298264,0,0,28,121.4908676,7,30.3727169,54,234.3038177,13,56.40647507
downsview,2014,114,722.5250244,7,44.36557388,30,190.1381683,1,6.337938786,30,190.1381683,4,25.35175514,58,367.6004639,5,31.68969536
downsview,2015,127,804.9182129,4,25.35175514,33,209.1519775,0,0,25,158.4484711,2,12.67587757,51,323.2348938,11,69.71733093
downsview,2016,131,828.0134277,9,56.88641739,28,176.9799652,0,0,11,69.52783966,2,12.64142609,62,391.8842163,3,18.96213913
downsview,2017,137,852.7324829,4,24.89729881,26,161.8324432,0,0,15,93.36486816,5,31.12162399,51,317.4405518,13,80.91622162
downsview,2018,127,776.3310547,10,61.12842941,42,256.7394104,1,6.112843037,34,207.8366699,2,12.22568607,63,385.1091003,3,18.33852959
downsview,2019,143,861.9130859,8,48.21891403,37,223.0124817,2,12.05472851,20,120.547287,7,42.19155121,72,433.9702148,7,42.19155121
downsview,2020,128,766.6506958,5,29.94729233,45,269.5256348,2,11.97891712,7,41.9262085,3,17.96837616,76,455.1988525,10,59.89458466
downsview,2021,134,801.3395386,6,35.88087463,28,167.4440918,0,0,11,65.78160858,0,0,55,328.90802,5,29.90073013
downsview,2022,153,906.0223999,6,35.28789037,32,189.494873,0,0,25,148.0428772,4,23.68685913,64,376.404164,15,88.82572174
downsview,2023,208,1223.313477,8,47.05052185,74,435.2173157,0,0,28,164.6768188,3,17.64394569,70,411.6920471,17,99.98235321
eglinton east,2014,185,801.6640015,1,4.33331871,41,177.6660767,0,0,66,285.999054,4,17.33327484,29,125.6662445,8,34.66654968
eglinton east,2015,178,775.0925293,3,13.06335735,76,330.938385,0,0,46,200.3048096,2,8.70890522,48,209.0137177,3,13.06335735
eglinton east,2016,205,894.7276611,2,8.729050636,65,283.6941223,0,0,43,187.6745758,3,13.09357548,42,183.3100586,6,26.18715096
eglinton east,2017,204,880.0690308,5,21.57032013,56,241.5875702,1,4.314064026,37,159.6203613,11,47.45470047,53,228.6453857,1,4.314064026
eglinton east,2018,185,786.3640137,1,4.25061655,45,191.2777405,1,4.25061655,35,148.7715759,2,8.501233101,67,284.7912903,6,25.50369835
eglinton east,2019,197,828.392395,5,21.02518845,58,243.8921814,2,8.410075188,29,121.9460907,6,25.23022652,63,264.9173584,8,33.64030075
eglinton east,2020,146,611.6464233,11,46.08295059,23,96.35525513,2,8.378718376,21,87.97653961,11,46.08295059,92,385.4210205,8,33.5148735
eglinton east,2021,161,675.5339355,2,8.39172554,30,125.875885,3,12.58758831,16,67.13380432,8,33.56690216,50,209.7931366,1,4.19586277
eglinton east,2022,174,726.1194458,7,28.88861376,39,162.7509003,1,4.173099995,25,104.327507,6,25.03860092,104,429.2022616,9,37.55790329
eglinton east,2023,168,693.3267212,16,66.0311203,53,218.7280731,1,4.126945019,33,136.1891785,3,12.38083458,98,404.4405823,8,33.01556015
elms-old rexdale,2014,45,458.3418274,1,10.18537426,8,81.48299408,0,0,14,142.5952301,2,20.37074852,31,315.746582,1,10.18537426
elms-old rexdale,2015,53,543.144104,4,40.99200821,17,174.2160339,0,0,8,81.98401642,4,40.99200821,24,245.9520416,1,10.24800205
elms-old rexdale,2016,69,709.7305298,2,20.57189941,10,102.8594971,0,0,21,216.0049438,4,41.14379883,24,246.862793,0,0
elms-old rexdale,2017,62,632.9760132,3,30.62787056,12,122.5114822,2,20.41858101,22,224.6043854,6,61.25574112,20,204.1858063,2,20.41858101
elms-old rexdale,2018,56,567.088623,2,20.25316429,7,70.88607788,0,0,13,131.6455688,3,30.37974739,19,192.4050598,1,10.12658215
elms-old rexdale,2019,71,715.3652344,1,10.07556629,10,100.7556686,0,0,16,161.2090607,9,90.68009949,25,251.8891754,4,40.30226517
elms-old rexdale,2020,49,494.0014038,2,20.16332245,13,131.0615997,0,0,7,70.57163239,0,0,35,352.8581543,2,20.16332245
elms-old rexdale,2021,69,701.1482544,0,0,10,101.6156921,0,0,7,71.13098145,7,71.13098145,18,182.9082336,3,30.48470688
elms-old rexdale,2022,64,649.6143188,2,20.23472278,9,91.35201263,1,10.15022373,15,152.2533569,6,60.90134048,31,313.6382032,0,0
elms-old rexdale,2023,61,617.1590576,6,60.70417023,16,161.8777771,0,0,14,141.6430664,0,0,43,435.0465393,4,40.46944427
flemingdon park,2014,131,578.2643433,13,57.38500977,50,220.7115784,1,4.4142313,27,119.1842499,6,26.48538971,112,494.3939209,9,39.72808456
flemingdon park,2015,150,663.5993652,10,44.2399559,20,88.4799118,0,0,20,88.4799118,5,22.11997795,16,70.78393555,3,13.27198696
flemingdon park,2016,159,703.2597656,4,17.69207001,14,61.92224503,0,0,25,110.5754318,8,35.38414001,47,207.8818207,3,13.26905251
flemingdon park,2017,126,552.2682495,5,21.91540718,12,52.59697723,0,0,20,87.66162872,5,21.91540718,16,70.12930298,4,17.53232574
flemingdon park,2018,148,641.7761841,2,8.672650337,14,60.70855713,0,0,16,69.3812027,6,26.01795197,25,108.4081345,1,4.336325169
flemingdon park,2019,153,658.5744019,7,30.13085365,16,68.87052155,0,0,13,55.95730209,9,38.7396698,17,73.17493439,3,12.91322327
flemingdon park,2020,132,567.6442871,4,17.20134163,12,51.60402679,0,0,5,21.50167656,14,60.20469666,29,124.7097244,3,12.9010067
flemingdon park,2021,148,640.0276489,5,21.62255669,10,43.24511337,1,4.324511528,4,17.29804611,8,34.59609222,35,151.3578949,2,8.649023056
flemingdon park,2022,142,612.2009277,4,17.03214818,22,94.84803009,0,0,13,56.04656219,1,4.311274052,27,114.9670002,1,4.311274052
flemingdon park,2023,167,711.0921631,6,25.54822159,24,102.1928864,0,0,13,55.35448074,4,17.03214836,49,208.6438141,5,21.29018593
glenfield-jane heights,2014,296,935.0222778,10,31.58859062,36,113.7189255,0,0,49,154.7840881,8,25.27087212,79,249.5498657,7,22.11201286
glenfield-jane heights,2015,310,989.4353638,28,89.3683548,36,114.9021759,0,0,48,153.2028961,17,54.25936127,47,150.0111694,7,22.3420887
glenfield-jane heights,2016,315,1013.122375,10,32.16261292,30,96.48783875,1,3.216261387,71,228.3545532,22,70.75775146,88,283.0310059,9,28.94635201
glenfield-jane heights,2017,288,917.1390381,13,41.39863586,42,133.7494354,2,6.369020939,53,168.7790527,21,66.87471771,61,194.2551422,7,22.29157448
glenfield-jane heights,2018,307,965.6821289,8,25.16435432,38,119.5306854,0,0,53,166.7138519,25,78.63861084,82,257.9346313,11,34.60098648
glenfield-jane heights,2019,351,1094.61731,8,24.94854355,36,112.2684479,2,6.237135887,50,155.9283905,31,96.67560577,74,230.7740326,12,37.42281723
glenfield-jane heights,2020,285,887.1595459,15,46.69260788,51,158.7548676,1,3.112840414,50,155.6420288,34,105.8365784,139,432.6848145,19,59.14397049
glenfield-jane heights,2021,315,984.6211548,6,18.754688260000002,41,128.1570435,5,15.6289072,29,90.6476593,19,59.3898468,96,300.0750122,7,21.88047028
glenfield-jane heights,2022,283,880.9613037,5,15.50339524,34,105.8398743,3,9.338811874,31,96.50106049,10,31.12937355,81,251.1550029,11,34.24230957
glenfield-jane heights,2023,327,1013.922058,5,15.50339508,43,133.3291931,0,0,31,96.12104797,14,43.40950775,54,167.436676,27,83.71833801
golfdale-cedarbrae-woburn,2014,207,765.5042114,7,25.88661575,55,203.3948517,2,7.396176338,43,159.0177917,1,3.698088169,36,133.1311646,3,11.09426403
golfdale-cedarbrae-woburn,2015,227,842.7696533,4,14.85056591,58,215.3332062,3,11.13792419,53,196.7700043,3,11.13792419,56,207.9079285,5,18.56320763
golfdale-cedarbrae-woburn,2016,195,725.3924561,15,55.7994194,38,141.3585358,1,3.719961405,38,141.3585358,2,7.43992281,49,182.2781067,5,18.59980583
golfdale-cedarbrae-woburn,2017,228,836.758667,10,36.69993973,48,176.1597137,0,0,74,271.5795593,3,11.00998211,48,176.1597137,10,36.69993973
golfdale-cedarbrae-woburn,2018,200,722.2041626,3,10.83306217,38,137.2187958,0,0,41,148.0518494,8,28.88816643,68,245.5494232,4,14.44408321
golfdale-cedarbrae-woburn,2019,226,806.0202026,2,7.132922173,40,142.6584473,0,0,47,167.6236725,11,39.23107147,62,221.120575,4,14.26584435
golfdale-cedarbrae-woburn,2020,168,596.3579712,3,10.64924908,40,141.9899902,1,3.549749851,28,99.39299011,12,42.59699631,64,227.1839905,4,14.1989994
golfdale-cedarbrae-woburn,2021,185,656.9135742,2,7.101768494,27,95.87387085,2,7.101768494,21,74.56856537,13,46.16149521,61,216.6039276,5,17.75442123
golfdale-cedarbrae-woburn,2022,198,698.3880615,2,6.980559143,29,102.2891617,1,3.527212381,16,56.4353981,7,24.69048691,105,366.479355,7,24.69048691
golfdale-cedarbrae-woburn,2023,193,673.6239624,8,27.9222374,24,83.76670837,1,3.490279675,32,111.6889496,3,10.47083855,76,265.261261,9,31.41251564
humber summit,2014,76,589.8789063,7,54.33095169,54,419.1244812,0,0,22,170.754425,1,7.761564732,71,551.071106,15,116.4234695
humber summit,2015,90,702.1376343,3,23.40458679,44,343.2672729,1,7.801528931,22,171.6336365,6,46.80917358,62,483.6947937,16,124.8244629
humber summit,2016,118,924.0407104,6,46.98512268,41,321.0650024,0,0,23,180.1096344,16,125.2936554,67,524.6671753,18,140.955368
humber summit,2017,115,891.1274414,3,23.24680328,40,309.9573669,2,15.49786949,27,209.2212372,9,69.74040985,84,650.9105225,19,147.2297516
humber summit,2018,109,833.5882568,2,15.29519749,56,428.2655334,1,7.647598743,31,237.0755615,5,38.23799515,81,619.4555054,15,114.7139816
humber summit,2019,113,855.6716919,7,53.00621033,59,446.7666321,3,22.71694756,28,212.0248413,9,68.15084076,68,514.9174805,22,166.5909424
humber summit,2020,92,695.9678955,1,7.564868927,25,189.1217194,0,0,26,196.6865845,5,37.82434464,92,695.9678955,21,158.8622437
humber summit,2021,101,766.3126221,2,15.17450714,41,311.0773926,1,7.587253571,14,106.22155,4,30.34901428,86,652.5037842,29,220.0303497
humber summit,2022,127,959.359436,2,14.89757914,55,415.4706116,0,0,30,226.6203308,7,52.87807846,84,625.698324,23,173.7422638
humber summit,2023,165,1229.050293,4,29.79515839,90,670.3910522,2,14.89757919,25,186.2197418,6,44.69273758,88,655.4934692,42,312.8491516
humbermede,2014,117,720.3103027,2,12.31299591,35,215.4774323,0,0,34,209.3209381,2,12.31299591,37,227.7904358,1,6.156497955
humbermede,2015,135,837.8848267,5,31.03277016,35,217.2294006,0,0,27,167.5769653,8,49.65243149,31,192.403183,9,55.8589859
humbermede,2016,114,711.5216675,3,18.72425461,24,149.7940369,1,6.241417885,28,174.7597046,3,18.72425461,31,193.483963,1,6.241417885
humbermede,2017,158,976.4538574,3,18.54026413,21,129.7818451,1,6.180087566,35,216.3030701,6,37.08052826,23,142.1420135,7,43.26061249
humbermede,2018,120,732.7796631,2,12.21299458,44,268.6858826,0,0,30,183.1949158,5,30.53248596,48,293.1118774,10,61.06497192
humbermede,2019,168,1017.195435,1,6.054734707,62,375.3935547,0,0,27,163.4778442,4,24.21893883,42,254.2988586,8,48.43787766
humbermede,2020,95,574.2609863,4,24.17941093,34,205.5249939,0,0,14,84.62793732,6,36.26911545,59,356.6463013,12,72.5382309
humbermede,2021,134,813.7981567,2,12.14624119,30,182.1936035,0,0,18,109.3161697,4,24.29248238,45,273.2904053,13,78.95056152
humbermede,2022,119,719.7290649,1,6.035731531,35,211.6850128,0,0,38,229.8294373,2,12.09628677,46,277.6436504,9,54.43328857
humbermede,2023,159,959.6813354,2,12.07146263,29,175.0362091,0,0,14,84.50024414,2,12.07146263,76,458.7156067,11,66.39304352
ionview,2014,97,697.8417358,0,0,33,237.4100647,0,0,18,129.4963989,1,7.194244385,12,86.33093262,1,7.194244385
ionview,2015,103,737.6110229,3,21.48381615,45,322.2572327,0,0,15,107.419075,0,0,29,207.6768799,4,28.6450882
ionview,2016,104,740.1608276,0,0,17,120.9878311,0,0,9,64.05238342,0,0,15,106.7539673,4,28.46772385
ionview,2017,85,601.5569458,2,14.15428162,29,205.2370911,0,0,13,92.00283051,0,0,22,155.6970978,1,7.077140808
ionview,2018,89,624.9561157,3,21.06593704,19,133.4176025,0,0,7,49.15385056,1,7.021978855,21,147.4615479,1,7.021978855
ionview,2019,80,558.8543701,4,27.9427166,19,132.7279053,0,0,12,83.82815552,1,6.98567915,30,209.5703735,2,13.9713583
ionview,2020,85,596.2401733,4,28.05836105,15,105.2188568,0,0,2,14.02918053,1,7.014590263,33,231.4814758,0,0
ionview,2021,92,650.3605347,1,7.069136143,18,127.2444534,0,0,4,28.27654457,0,0,40,282.7654419,3,21.20740891
ionview,2022,83,587.361145,3,21.24495432,12,84.91967773,0,0,4,28.30656052,2,14.15328026,43,304.511012,2,14.15328026
ionview,2023,126,892.2880859,5,35.40825653,15,106.2247696,0,0,4,28.32660484,2,14.16330242,32,226.6128387,2,14.16330242
keelesdale-eglinton west,2014,71,623.1350098,3,26.32964706,23,201.8606262,1,8.776549339,35,307.1792297,2,17.55309868,18,157.97789,1,8.776549339
keelesdale-eglinton west,2015,63,551.4705811,4,35.01400375,20,175.0700226,0,0,20,175.0700226,5,43.76750565,17,148.8095245,2,17.50700188
keelesdale-eglinton west,2016,55,478.7187805,3,26.11193275,14,121.85569,0,0,28,243.71138,1,8.703977585,12,104.447731,0,0
keelesdale-eglinton west,2017,61,526.0888062,6,51.74644089,14,120.7416992,1,8.624406815,24,206.9857635,3,25.87322044,22,189.7369537,4,34.49762726
keelesdale-eglinton west,2018,78,662.7581177,3,25.49069595,31,263.4038696,0,0,20,169.937973,5,42.48449326,21,178.4348755,3,25.49069595
keelesdale-eglinton west,2019,60,504.8380432,2,16.82793427,18,151.451416,1,8.413967133,11,92.55364227,0,0,29,244.0050507,9,75.72570801
keelesdale-eglinton west,2020,84,705.8823242,5,42.01680756,23,193.2773132,0,0,11,92.43697357,2,16.80672264,31,260.5042114,4,33.61344528
keelesdale-eglinton west,2021,75,632.2178345,2,16.8591423,27,227.5984192,3,25.28871346,7,59.00699615,2,16.8591423,34,286.6054077,1,8.429571152
keelesdale-eglinton west,2022,105,880.2816772,3,25.06475061,17,142.5218048,0,0,11,92.21998596,0,0,35,292.4220904,0,0
keelesdale-eglinton west,2023,112,935.7506714,2,16.70983315,29,242.2925873,1,8.354916573,26,217.2278442,1,8.354916573,23,192.1630859,3,25.06475067
kennedy park,2014,218,1232.195313,1,5.652272224,49,276.9613342,0,0,78,440.8772278,0,0,33,186.5249786,6,33.91363144
kennedy park,2015,252,1429.706177,6,34.04062271,36,204.2437286,0,0,67,380.1202698,0,0,50,283.6718445,3,17.02031136
kennedy park,2016,214,1215.218628,5,28.39295769,46,261.21521,0,0,29,164.6791534,2,11.35718346,34,193.072113,5,28.39295769
kennedy park,2017,197,1109.734131,10,56.3316803,50,281.6584167,0,0,54,304.1910706,3,16.89950371,74,416.8544312,4,22.53267288
kennedy park,2018,221,1231.678101,12,66.87844849,48,267.5137939,2,11.14640808,31,172.7693176,3,16.71961212,59,328.8190308,20,111.4640808
kennedy park,2019,222,1227.604492,3,16.58925056,41,226.7197571,1,5.52974987,29,160.3627472,2,11.05949974,70,387.082489,6,33.17850113
kennedy park,2020,183,1011.944275,4,22.11899948,32,176.9519958,0,0,27,149.3032532,1,5.52974987,73,403.6717529,9,49.76774979
kennedy park,2021,182,1013.024597,9,50.09462357,35,194.8124237,2,11.13213825,28,155.8499451,2,11.13213825,65,361.7944946,3,16.69820786
kennedy park,2022,226,1254.022827,8,44.02135035,44,244.1460419,0,0,30,166.4632111,3,16.64632034,96,528.2562043,5,27.74386787
kennedy park,2023,317,1744.345947,8,44.02135086,41,225.6094208,0,0,33,181.5880737,7,38.51868057,73,401.6948242,12,66.0320282
kingsview village-the westway,2014,92,406.2706909,0,0,38,167.8074646,2,8.831972122,18,79.48774719,3,13.24795723,110,485.7584534,5,22.07992935
kingsview village-the westway,2015,121,535.2561035,6,26.54162598,33,145.9789429,1,4.423604488,32,141.5553436,7,30.96523094,54,238.8746338,4,17.69441795
kingsview village-the westway,2016,128,565.645874,2,8.838216782,34,150.2496796,2,8.838216782,26,114.8968124,16,70.70573425,54,238.6318512,5,22.095541
kingsview village-the westway,2017,107,469.9371948,4,17.567745209999998,39,171.2855225,2,8.783872604,13,57.09517288,10,43.91936493,47,206.4210052,6,26.35161781
kingsview village-the westway,2018,97,423.0266113,5,21.80549431,39,170.0828552,2,8.722197533,18,78.49977875,3,13.08329678,53,231.1382446,3,13.08329678
kingsview village-the westway,2019,97,421.2446289,5,21.71364021,27,117.2536621,0,0,14,60.79819489,3,13.02818394,41,178.0518494,2,8.685456276
kingsview village-the westway,2020,100,435.5210876,5,21.77605438,14,60.9729538,0,0,6,26.13126564,2,8.710421562,66,287.4439392,7,30.4864769
kingsview village-the westway,2021,99,434.9736328,3,13.18101978,17,74.69244385,1,4.393672943,9,39.54305649,7,30.75571251,94,413.0052795,8,35.14938354
kingsview village-the westway,2022,132,579.8374634,5,21.96933081,15,65.890625,0,0,10,43.92708206,1,4.392708302,68,298.7828991,6,26.35624886
kingsview village-the westway,2023,151,663.4738159,1,4.393866062,40,175.7546539,0,0,23,101.0589218,2,8.787732124,101,443.7804871,8,35.1509285
morningside,2014,121,678.5934448,5,28.04105186,30,168.2463074,0,0,17,95.33957672,2,11.21642113,25,140.2052612,1,5.608210564
morningside,2015,139,783.6725464,3,16.91379547,20,112.7586365,1,5.637931824,23,129.6724396,0,0,34,191.689682,1,5.637931824
morningside,2016,163,921.7893066,3,16.96544647,19,107.4478302,0,0,10,56.55149078,1,5.655148983,20,113.1029816,0,0
morningside,2017,159,890.3074341,0,0,16,89.59068298,0,0,19,106.3889389,1,5.599417686,36,201.5790405,2,11.19883537
morningside,2018,135,746.062439,1,5.526388645,19,105.0013809,1,5.526388645,13,71.8430481,1,5.526388645,34,187.8972168,2,11.05277729
morningside,2019,177,968.5362549,1,5.471956253,17,93.02325439,1,5.471956253,18,98.49520874,3,16.41586876,34,186.0465088,4,21.88782501
morningside,2020,106,578.6973877,0,0,18,98.26937103,1,5.459409237,8,43.6752739,8,43.6752739,27,147.4040527,2,10.91881847
morningside,2021,83,454.7695923,0,0,16,87.66642761,0,0,5,27.39575958,3,16.43745613,21,115.0621872,1,5.4791517259999996
morningside,2022,125,681.7562256,1,5.416237881,11,59.99454498,1,5.454049587,17,92.71884155,7,38.17834854,110,595.7861669,3,16.36214828
morningside,2023,131,709.5271606,2,10.83247566,8,43.32990265,0,0,3,16.24871445,4,21.66495132,49,265.3956604,3,16.24871445
mount dennis,2014,97,713.4451294,3,22.06531334,18,132.3918762,1,7.355104446,27,198.5878143,4,29.42041779,21,154.4571991,4,29.42041779
mount dennis,2015,102,748.5689087,1,7.338911057,20,146.7782135,0,0,13,95.40583801,1,7.338911057,54,396.301178,1,7.338911057
mount dennis,2016,110,803.6235962,3,21.91700745,31,226.4757385,0,0,34,248.392746,3,21.91700745,19,138.8077087,0,0
mount dennis,2017,103,744.9732666,5,36.16374969,17,122.956749,0,0,34,245.9134979,1,7.232749939,18,130.1894989,5,36.16374969
mount dennis,2018,94,670.8056641,2,14.27246094,21,149.8608398,1,7.136230469,10,71.36230469,4,28.54492188,31,221.2231445,1,7.136230469
mount dennis,2019,92,650.3605347,2,14.13827229,14,98.96790314,3,21.20740891,16,113.1061783,4,28.27654457,29,205.0049438,5,35.34568024
mount dennis,2020,72,508.1516113,1,7.057661057,22,155.2685394,1,7.057661057,19,134.0955658,1,7.057661057,41,289.3641052,3,21.17298317
mount dennis,2021,98,693.8052979,6,42.47787476,15,106.1946869,1,7.079646111,11,77.87610626,2,14.15929222,33,233.6283112,3,21.23893738
mount dennis,2022,119,838.9735107,4,28.05836139,24,169.2047424,0,0,7,49.35138321,2,14.1003952,38,266.5544332,5,35.25098801
mount dennis,2023,122,855.7800293,3,21.04377174,31,217.452301,0,0,9,63.13131332,2,14.02918053,32,224.4668884,7,49.10213089
mount olive-silverstone-jamestown,2014,240,706.1523438,7,20.59610939,25,73.55753326,2,5.884603024,76,223.6149139,6,17.65380859,110,323.6531677,5,14.7115078
mount olive-silverstone-jamestown,2015,236,695.9598999,5,14.7449131,37,109.1123581,2,5.897965431,106,312.5921631,11,32.43880844,62,182.8369141,5,14.7449131
mount olive-silverstone-jamestown,2016,275,811.8800049,13,38.37978363,34,100.3778915,3,8.856872559,106,312.9428406,7,20.66603661,98,289.3245239,4,11.80916405
mount olive-silverstone-jamestown,2017,278,812.2479858,9,26.29579926,34,99.33968353,0,0,69,201.60112,9,26.29579926,69,201.60112,1,2.921755314
mount olive-silverstone-jamestown,2018,256,738.6888428,3,8.656509399,27,77.90858459,4,11.54201317,62,178.9011993,17,49.05355453,79,227.9547577,3,8.656509399
mount olive-silverstone-jamestown,2019,275,786.1185913,5,14.29306507,35,100.0514526,3,8.575839043,59,168.6581726,15,42.87919617,110,314.4474182,8,22.86890411
mount olive-silverstone-jamestown,2020,207,590.1639404,10,28.51033592,18,51.31860352,3,8.553100586,31,88.38204193,18,51.31860352,96,273.6992188,8,22.80826759
mount olive-silverstone-jamestown,2021,212,607.2062988,6,17.18508339,16,45.82688904,0,0,50,143.2090302,10,28.64180565,83,237.7269897,3,8.592541695
mount olive-silverstone-jamestown,2022,262,747.0133667,8,22.607811,26,74.13109589,1,2.851196051,54,153.9645844,6,17.10717583,84,237.3820155,18,51.32152939
mount olive-silverstone-jamestown,2023,297,839.3150024,11,31.08574104,24,67.82343292,4,11.30390549,54,152.6027222,16,45.21562195,121,341.9431458,11,31.08574104
oakdale-beverley heights,2014,221,1086.689331,5,24.5857296,57,280.2773132,0,0,41,201.6029968,4,19.66858482,75,368.7859497,10,49.1714592
oakdale-beverley heights,2015,232,1144.153442,8,39.4535675,43,212.0629272,0,0,39,192.3361511,4,19.72678375,41,202.1995392,4,19.72678375
oakdale-beverley heights,2016,230,1135.80249,7,34.56790161,24,118.5185165,1,4.938271523,36,177.777771,4,19.75308609,43,212.3456726,8,39.50617218
oakdale-beverley heights,2017,278,1355.039917,1,4.87424469,32,155.9758301,2,9.74848938,49,238.8379822,6,29.24546623,62,302.2031555,9,43.86820221
oakdale-beverley heights,2018,302,1450.876831,7,33.6295929,44,211.3860168,0,0,38,182.5606537,7,33.6295929,117,562.0946655,11,52.84650421
oakdale-beverley heights,2019,295,1400.759766,8,37.98670578,80,379.8670349,1,4.748338223,41,194.6818542,3,14.24501419,119,565.0522461,7,33.23836517
oakdale-beverley heights,2020,235,1111.741943,11,52.03898239,44,208.1559296,0,0,50,236.5408325,5,23.65408325,158,747.4689941,14,66.23143005
oakdale-beverley heights,2021,293,1388.428223,9,42.64796448,63,298.5357666,0,0,29,137.4212189,9,42.64796448,113,535.4688721,18,85.29592896
oakdale-beverley heights,2022,310,1458.480347,14,65.10719434,50,235.2387695,2,9.409550667,39,183.4862366,7,32.9334259,106,492.9544715,19,89.39073181
oakdale-beverley heights,2023,447,2078.779785,12,55.8061676,89,413.8957214,1,4.650513649,30,139.5154114,6,27.9030838,73,339.4875183,23,106.9618225
oakridge,2014,169,1205.506836,14,99.86447144,63,449.3901062,0,0,48,342.3924561,3,21.3995285,34,242.5279999,2,14.26635265
oakridge,2015,184,1312.7854,15,107.020546,67,478.025116,1,7.134703159,34,242.5799103,12,85.61643982,77,549.3721313,4,28.53881264
oakridge,2016,143,1018.373474,4,28.48597145,59,420.1680603,0,0,30,213.6447754,3,21.36447716,71,505.6259766,10,71.21492767
oakridge,2017,167,1168.649414,11,76.97690582,69,482.8551331,0,0,37,258.9223328,7,48.98530579,56,391.8824463,1,6.997900486
oakridge,2018,163,1118.123169,12,82.31581879,65,445.8773499,0,0,37,253.8071136,4,27.43860626,60,411.5791016,4,27.43860626
oakridge,2019,165,1112.68457,10,67.43543243,50,337.1771545,0,0,33,222.5369263,2,13.4870863,50,337.1771545,6,40.46125793
oakridge,2020,158,1055.514771,6,40.08283615,36,240.4970245,1,6.680472851,26,173.6922913,8,53.44378281,48,320.6626892,4,26.7218914
oakridge,2021,189,1258.657471,8,53.27650452,28,186.4677734,0,0,22,146.5103912,3,19.97868919,66,439.5311584,5,33.29781723
oakridge,2022,186,1225.054321,7,45.48703619,35,230.5209808,0,0,11,72.44944763,1,6.586313725,62,402.8851777,7,46.10419464
oakridge,2023,215,1397.101807,3,19.49444389,29,188.4462891,0,0,20,129.9629669,3,19.49444389,54,350.8999939,4,25.99259186
regent park,2014,103,938.6676636,30,273.3983459,33,300.7381897,1,9.113278389,22,200.4921112,6,54.67966843,57,519.4568481,8,72.90622711
regent park,2015,104,943.1395874,27,244.8535461,30,272.0594788,0,0,18,163.2356873,4,36.27459717,59,535.050354,5,45.34325027
regent park,2016,122,1099.792603,39,351.5730591,25,225.3673553,1,9.014694214,18,162.2644958,8,72.11755371,45,405.6612244,2,18.02938843
regent park,2017,122,1052.994995,37,319.3509521,29,250.3020935,4,34.52442551,18,155.3599243,9,77.67996216,39,336.6131592,2,17.26221275
regent park,2018,139,1148.760376,45,371.9008179,27,223.1405029,2,16.52892494,30,247.9338837,10,82.64463043,70,578.5123901,4,33.05784988
regent park,2019,172,1367.684448,45,357.8244324,65,516.8574829,1,7.951653957,17,135.1781158,6,47.70992279,59,469.147583,6,47.70992279
regent park,2020,144,1109.399048,30,231.1248016,28,215.7164917,1,7.704160213,13,100.1540833,7,53.92912292,42,323.5747375,4,30.81664085
regent park,2021,179,1346.97876,14,105.3502884,32,240.8006592,1,7.525020599,16,120.4003296,2,15.0500412,22,165.5504608,6,45.1501236
regent park,2022,127,926.0609741,15,105.8873359,25,182.2954712,0,0,11,80.21000671,3,21.87545586,27,190.5972046,5,36.45909119
regent park,2023,160,1129.464966,27,190.5971985,40,282.3662415,0,0,20,141.1831207,2,14.11831188,34,240.0112915,8,56.47324753
rockcliffe-smythe,2014,134,580.7150879,11,47.67063904,37,160.3466949,0,0,39,169.0140839,2,8.667388916,51,221.0184174,7,30.33586121
rockcliffe-smythe,2015,136,591.9735107,13,56.5857048,38,165.4043732,2,8.705492973,37,161.0516205,6,26.11647987,54,235.0483093,3,13.05823994
rockcliffe-smythe,2016,142,619.1680298,9,39.24304581,38,165.6928558,0,0,61,265.9806519,3,13.08101463,42,183.1342163,4,17.44135284
rockcliffe-smythe,2017,113,489.3893433,12,51.97055054,37,160.2425232,0,0,47,203.5513153,1,4.330879211,58,251.1909943,10,43.30879211
rockcliffe-smythe,2018,132,565.6011353,6,25.70914459,24,102.8365784,0,0,19,81.41229248,4,17.13942909,75,321.3642883,15,64.27285767
rockcliffe-smythe,2019,148,630.2163086,5,21.29109192,43,183.1033936,1,4.258218288,9,38.32396698,6,25.54931068,72,306.5917358,9,38.32396698
rockcliffe-smythe,2020,126,537.473877,1,4.265665531,37,157.8296356,2,8.531331062,14,59.71931839,5,21.32832909,66,281.5339355,4,17.06266212
rockcliffe-smythe,2021,139,596.7714233,11,47.22651672,35,150.2661896,1,4.293319702,16,68.69311523,12,51.51983643,42,180.3194275,5,21.46659851
rockcliffe-smythe,2022,174,745.916748,7,29.8469279,33,141.4669647,0,0,19,81.45067596,7,30.00814438,59,251.5669637,12,51.4425354
rockcliffe-smythe,2023,180,767.4924316,12,51.16616058,53,225.9838867,0,0,20,85.27693939,8,34.11077499,93,396.5377502,11,46.90231705
rustic,2014,53,524.4927979,0,0,21,207.8179169,0,0,14,138.5452728,5,49.48045349,20,197.921814,1,9.896091461
rustic,2015,66,656.1940918,2,19.88466835,17,169.0196838,1,9.942334175,16,159.0773468,7,69.59634399,14,139.192688,1,9.942334175
rustic,2016,74,737.6395264,3,29.90430641,17,169.4577332,0,0,6,59.80861282,9,89.71292114,8,79.74481964,3,29.90430641
rustic,2017,64,631.4750977,0,0,12,118.4015808,0,0,4,39.4671936,3,29.6003952,18,177.6023712,1,9.866798401
rustic,2018,72,702.2335205,0,0,9,87.77919006,0,0,8,78.02593994,8,78.02593994,47,458.4024048,2,19.50648499
rustic,2019,64,618.8956299,2,19.34048843,14,135.3834229,1,9.670244217,3,29.01073456,7,67.69171143,26,251.4263611,1,9.670244217
rustic,2020,60,579.4862061,5,48.2905159,15,144.8715515,0,0,8,77.26482391,6,57.94861984,35,338.0335999,4,38.63241196
rustic,2021,62,601.3579102,0,0,7,67.89524841,2,19.39864159,6,58.19592667,7,67.89524841,13,126.0911713,0,0
rustic,2022,73,705.5866699,1,9.611687812,10,96.65571594,0,0,4,38.66228485,1,9.665571213,25,240.2921953,5,48.32785797
rustic,2023,89,855.4401855,0,0,19,182.6220703,0,0,2,19.22337532,3,28.83506393,14,134.5636292,2,19.22337532
scarborough village,2014,161,948.0068359,2,11.77648258,50,294.4120483,1,5.888241291,30,176.6472321,1,5.888241291,56,329.7415161,3,17.66472435
scarborough village,2015,152,897.3905029,2,11.80776978,48,283.3864746,0,0,34,200.7320862,2,11.80776978,24,141.6932373,2,11.80776978
scarborough village,2016,191,1127.841797,2,11.80986118,34,200.7676392,6,35.4295845,25,147.6232605,3,17.71479225,35,206.6725769,2,11.80986118
scarborough village,2017,149,870.4796143,7,40.89501572,32,186.9486542,1,5.842145443,24,140.2114868,5,29.21072578,47,274.5808411,4,23.36858177
scarborough village,2018,179,1033.069824,0,0,45,259.7102661,0,0,11,63.48473358,2,11.54267883,53,305.8809814,4,23.08535767
scarborough village,2019,174,994.9110718,2,11.43575954,40,228.7151947,0,0,28,160.1006317,6,34.30727768,56,320.2012634,2,11.43575954
scarborough village,2020,180,1027.221313,9,51.36106873,28,159.7899933,1,5.706785202,17,97.01535034,3,17.12035561,90,513.6106567,7,39.94749832
scarborough village,2021,120,687.1278076,5,28.63032532,22,125.9734344,0,0,15,85.89097595,3,17.17819595,62,355.0160217,6,34.35639191
scarborough village,2022,156,889.8015137,9,50.81013945,20,114.0771179,0,0,9,51.33470154,1,5.703855991,51,287.9241235,8,45.63084793
scarborough village,2023,153,863.7723999,6,33.87342453,36,203.2405548,0,0,24,135.4936981,2,11.29114246,71,400.8355408,4,22.58228493
south parkdale,2014,205,958.0334473,26,121.5066833,45,210.3000336,0,0,24,112.1600113,0,0,79,369.1933899,5,23.36667061
south parkdale,2015,227,1059.411011,24,112.0082169,51,238.0174561,0,0,39,182.0133514,1,4.667008877,43,200.6813812,4,18.66803551
south parkdale,2016,237,1102.120483,31,144.1592255,71,330.1711426,1,4.650297642,41,190.6622009,7,32.55208206,49,227.8645782,9,41.85268021
south parkdale,2017,235,1077.734497,46,210.9607849,58,265.9940491,0,0,31,142.16922,6,27.51662445,86,394.4049377,11,50.44714355
south parkdale,2018,220,992.0187378,44,198.4037476,78,351.7157288,0,0,37,166.8395233,6,27.05505753,44,198.4037476,9,40.58258438
south parkdale,2019,256,1138.587402,78,346.9133606,89,395.8370361,1,4.44760704,34,151.2186432,2,8.895214081,55,244.6183929,24,106.742569
south parkdale,2020,251,1108.951172,50,220.906601,89,393.2137451,0,0,19,83.94451141,4,17.67252731,41,181.1434174,13,57.43571472
south parkdale,2021,274,1209.125854,32,141.2117767,63,278.0106812,0,0,20,88.25735474,4,17.65147209,52,229.4691315,6,26.47720718
south parkdale,2022,274,1199.597168,29,125.7916197,61,267.0635986,1,4.378091812,9,39.40282822,3,13.13427639,59,255.9208814,10,43.78092194
south parkdale,2023,324,1405.395996,30,130.1292572,63,273.2714539,0,0,23,99.76576996,0,0,34,147.4798279,21,91.09048462
taylor-massey,2014,119,739.4060059,9,55.92146301,32,198.8318634,0,0,25,155.3373871,2,12.42699146,30,186.4048767,4,24.85398293
taylor-massey,2015,95,591.9371948,8,49.84734344,71,442.3951721,1,6.230917931,41,255.4676361,0,0,47,292.8531494,3,18.69275284
taylor-massey,2016,97,604.5874023,9,56.09573746,42,261.7800903,1,6.232859612,17,105.9586105,2,12.46571922,35,218.1500854,5,31.16429901
taylor-massey,2017,100,619.8475342,5,30.99237633,27,167.3588257,1,6.198475361,18,111.57255550000001,2,12.39695072,38,235.5420532,2,12.39695072
taylor-massey,2018,123,756.132019,17,104.5060577,41,252.0440216,0,0,18,110.6534729,1,6.147415161,30,184.4224548,4,24.58966064
taylor-massey,2019,115,703.8374634,4,24.48130226,63,385.5805054,1,6.120325565,13,79.56423187,2,12.24065113,47,287.655304,3,18.36097717
taylor-massey,2020,112,686.9058838,17,104.2624969,31,190.1257324,0,0,27,165.5933838,3,18.39926338,56,343.4529419,8,49.0647049
taylor-massey,2021,116,717.644165,17,105.1719894,16,98.98539734,0,0,10,61.86587524,2,12.37317467,54,334.0757141,10,61.86587524
taylor-massey,2022,115,711.5895996,11,68.08194591,25,154.6934052,1,6.187736034,10,61.87735748,3,18.56320763,58,358.977533,4,24.75094414
taylor-massey,2023,144,891.2545776,16,99.02828217,18,111.4068222,0,0,28,173.2994995,1,6.189267635,33,204.2458344,3,18.56780434
thistletown-beaumond heights,2014,63,605.5945435,2,19.225223540000002,22,211.4774628,0,0,20,192.25222779999999,0,0,27,259.5405273,1,9.612611771
thistletown-beaumond heights,2015,58,557.5314941,5,48.063056949999996,23,221.0900726,1,9.612611771,24,230.7026825,2,19.225223540000002,55,528.6936646,3,28.83783531
thistletown-beaumond heights,2016,48,460.2550659,3,28.76594162,23,220.5388794,0,0,16,153.4183502,3,28.76594162,36,345.1912842,1,9.588646889
thistletown-beaumond heights,2017,56,533.9944458,0,0,17,162.1054688,0,0,24,228.8547668,2,19.07123184,20,190.7123108,4,38.14246368
thistletown-beaumond heights,2018,53,500.8978271,0,0,16,151.214447,2,18.90180588,11,103.9599304,1,9.450902939,35,330.7815857,2,18.90180588
thistletown-beaumond heights,2019,75,704.9534912,0,0,14,131.5913086,0,0,10,93.9937973,2,18.79875946,39,366.5758057,4,37.59751892
thistletown-beaumond heights,2020,56,527.5553589,0,0,11,103.6269455,0,0,9,84.78568268,1,9.420631409,55,518.1347046,5,47.10315704
thistletown-beaumond heights,2021,61,578.8025513,1,9.488566399,8,75.90853119,0,0,6,56.93139648,1,9.488566399,40,379.5426636,2,18.9771328
thistletown-beaumond heights,2022,52,493.6865234,0,0,17,161.3975067,0,0,16,151.9035339,5,47.46985626,22,208.9268756,2,18.98794174
thistletown-beaumond heights,2023,66,626.7806396,5,47.48337936,23,218.4235535,0,0,13,123.4567871,0,0,55,522.3171997,14,132.9534607
thorncliffe park,2014,87,416.168396,10,47.8354454,34,162.6405182,3,14.35063362,16,76.53671265,1,4.78354454,26,124.3721619,9,43.05190277
thorncliffe park,2015,106,500.3540344,5,23.60160446,27,127.4486694,1,4.720321178,10,47.20320892,1,4.720321178,17,80.24545288,6,28.32192612
thorncliffe park,2016,89,413.7610474,15,69.73500824,24,111.5760117,1,4.649000645,16,74.38401031,1,4.649000645,30,139.4700165,11,51.13900375
thorncliffe park,2017,100,459.4954834,10,45.94954681,19,87.30413818,4,18.37981987,9,41.35459137,2,9.189909935,25,114.8738708,9,41.35459137
thorncliffe park,2018,93,422.1324463,3,13.61717606,24,108.9374084,0,0,4,18.15623474,3,13.61717606,30,136.1717529,4,18.15623474
thorncliffe park,2019,121,544.0647583,8,35.97122192,28,125.8992844,0,0,13,58.45323563,8,35.97122192,27,121.4028778,5,22.4820137
thorncliffe park,2020,98,439.1664734,15,67.21936035,41,183.7329102,2,8.962581635,5,22.40645218,9,40.33161545,26,116.5135574,4,17.92516327
thorncliffe park,2021,118,530.9814453,17,76.49732208,35,157.4944916,0,0,14,62.9977951,3,13.49952793,34,152.9946442,0,0
thorncliffe park,2022,114,509.7705994,16,71.08583615,53,236.9986115,0,0,19,84.9617691,3,13.41501617,61,271.0147503,10,44.71672058
thorncliffe park,2023,128,568.6867065,10,44.42864609,49,217.7003784,0,0,12,53.31437683,4,17.77145958,33,146.6145325,8,35.54291916
victoria village,2014,103,584.5961914,3,17.02707291,39,221.351944,0,0,7,39.72983551,3,17.02707291,37,210.0005646,5,28.37845421
victoria village,2015,127,720.8945923,3,17.02900696,46,261.1114197,0,0,15,85.14502716,0,0,38,215.7007446,6,34.05801392
victoria village,2016,126,713.9619141,1,5.66636467,22,124.6600189,2,11.33272934,12,67.99637604,7,39.66455078,33,186.9900208,4,22.66545868
victoria village,2017,75,420.0974731,1,5.601299286,32,179.2415771,1,5.601299286,15,84.0194931,3,16.80389786,37,207.2480774,5,28.00649834
victoria village,2018,108,595.9278564,3,16.55355072,36,198.6426086,0,0,13,71.73205566,1,5.517850399,43,237.2675629,3,16.55355072
victoria village,2019,122,666.3389893,1,5.461794853,59,322.2458801,1,5.461794853,13,71.00333405,7,38.23256302,38,207.5482025,4,21.84717941
victoria village,2020,114,620.2056274,1,5.4404006,34,184.9736176,0,0,11,59.84440613,7,38.08280182,41,223.0564117,5,27.20200157
victoria village,2021,97,528.5527344,3,16.34699249,22,119.8779449,0,0,9,49.04097748,3,16.34699249,64,348.7358398,5,27.24498749
victoria village,2022,122,660.9241943,5,26.89328744,38,205.8616333,0,0,10,54.17411423,3,16.25223541,58,311.9621343,3,16.25223541
victoria village,2023,146,785.2839966,2,10.75731468,26,139.8450928,0,0,16,86.05851746,4,21.51462936,55,295.8261719,11,59.16523361
west hill,2014,348,1262.33313,16,58.03830338,89,322.8380737,0,0,63,228.5258331,0,0,59,214.0162506,7,25.39175797
west hill,2015,395,1429.346802,16,57.89759445,66,238.8275757,2,7.237199306,64,231.5903778,1,3.618599653,67,242.446167,6,21.71159744
west hill,2016,422,1520.611084,25,90.08359528,72,259.4407654,0,0,77,277.457489,6,21.62006378,64,230.6140137,8,28.82675171
west hill,2017,401,1429.488037,13,46.34250641,87,310.1383057,0,0,65,231.7125397,3,10.69442463,110,392.1289063,10,35.64808273
west hill,2018,422,1482.574463,7,24.59246826,103,361.8605957,1,3.513209581,50,175.6604767,5,17.56604767,77,270.5171509,5,17.56604767
west hill,2019,439,1525.629883,12,41.7028656,77,267.5933838,2,6.950478077,72,250.2172089,9,31.27715111,57,198.088623,4,13.90095615
west hill,2020,336,1164.281494,11,38.11635971,57,197.5120392,2,6.93024683,36,124.7444458,7,24.2558651,128,443.5357971,9,31.18611145
west hill,2021,328,1139.324097,18,62.52388,71,246.6219788,0,0,43,149.3626099,5,17.36774445,141,489.7703857,4,13.89419556
west hill,2022,382,1319.926758,17,58.10178065,45,155.4887543,1,3.455305576,63,217.6842499,7,24.18713951,148,505.8272668,13,44.91897202
west hill,2023,443,1514.064087,15,51.26627731,54,184.5585938,2,6.835503578,56,191.394104,11,37.59526825,146,498.9917603,20,68.35503387
weston,2014,174,937.5,7,37.71551895,33,177.8017273,0,0,35,188.5775909,3,16.16379356,75,404.0948181,4,21.55172348
weston,2015,151,819.3163452,5,27.12968063,54,293.0005493,0,0,45,244.1671143,6,32.55561447,63,341.8339539,3,16.27780724
weston,2016,183,997.1121826,6,32.69220352,44,239.7428284,3,16.34610176,42,228.8454132,13,70.83310699,93,506.7291565,4,21.79480171
weston,2017,179,960.5065308,11,59.02554321,75,402.4468689,1,5.365958214,46,246.8340912,8,42.92766571,84,450.740509,3,16.0978756
weston,2018,156,823.0886841,13,68.59072113,38,200.4959564,1,5.276209354,42,221.6007996,8,42.20967484,73,385.1632996,8,42.20967484
weston,2019,191,992.7235107,8,41.58003998,58,301.4552917,2,10.39500999,25,129.9376373,13,67.56756592,71,369.0228577,4,20.79001999
weston,2020,204,1053.338135,10,51.63422394,24,123.9221344,3,15.4902668,27,139.4123993,5,25.81711197,88,454.3811646,10,51.63422394
weston,2021,204,1052.088745,6,30.94378471,36,185.6627197,0,0,25,128.9324341,4,20.62919044,70,361.0108337,5,25.78648758
weston,2022,242,1236.523438,6,30.28926246,46,235.0416412,2,10.21920204,32,163.5072327,5,25.54800415,86,434.1460952,9,45.98640823
weston,2023,243,1226.715088,11,55.5303154,61,307.9408264,1,5.048210621,36,181.7355804,4,20.19284248,60,302.8926392,4,20.19284248
weston-pelham park,2014,92,780.3223267,16,135.7082214,26,220.5258636,1,8.48176384,11,93.29940796,1,8.48176384,22,186.5988159,4,33.92705536
weston-pelham park,2015,95,821.5150757,13,112.4178467,23,198.8931122,1,8.647526741,13,112.4178467,1,8.647526741,28,242.1307526,4,34.59010696
weston-pelham park,2016,83,730.3123779,4,35.19577789,16,140.7831116,1,8.798944473,15,131.9841614,4,35.19577789,21,184.777832,8,70.39155579
weston-pelham park,2017,77,666.7821045,6,51.95705032,8,69.27606201,0,0,10,86.59508514,2,17.3190155,11,95.2545929,1,8.659507751
weston-pelham park,2018,87,739.6072388,0,0,23,195.5283508,1,8.501233101,25,212.5308228,4,34.0049324,27,229.5332794,2,17.0024662
weston-pelham park,2019,115,962.5847778,9,75.3327179,24,200.8872528,1,8.3703022,5,41.85150909,3,25.1109066,24,200.8872528,3,25.1109066
weston-pelham park,2020,102,847.1760864,6,49.83388519,30,249.1694336,0,0,4,33.2225914,4,33.2225914,36,299.0033264,3,24.9169426
weston-pelham park,2021,92,763.2321167,2,16.59200287,23,190.8080292,0,0,6,49.77600861,4,33.18400574,17,141.0320282,1,8.296001434
weston-pelham park,2022,101,829.5687866,3,24.33090024,14,114.9897308,0,0,11,90.34907532,4,32.8542099,17,137.8751014,3,24.64065742
weston-pelham park,2023,119,965.1257324,7,56.77210236,38,308.1914063,0,0,6,48.66180038,4,32.44120026,16,129.764801,4,32.44120026
woburn north,2014,148,530.6942139,5,17.9288578,65,233.0751648,1,3.585771561,42,150.602417,1,3.585771561,61,218.7320709,8,28.68617249
woburn north,2015,170,610.8955078,3,10.780509,88,316.2282715,0,0,38,136.5531158,3,10.780509,59,212.0166779,8,28.74802399
woburn north,2016,173,622.1455078,2,7.192433357,42,151.0411072,0,0,33,118.6751556,2,7.192433357,55,197.7919159,9,32.36595154
woburn north,2017,178,631.8554688,8,28.39799881,38,134.8904877,0,0,52,184.5869904,4,14.1989994,67,237.8332367,13,46.14674759
woburn north,2018,177,619.4225464,5,17.49781227,61,213.4733124,0,0,36,125.9842529,4,13.99825001,81,283.4645691,10,34.99562454
woburn north,2019,210,726.5430298,4,13.83891487,60,207.583725,0,0,19,65.73484802,2,6.919457436,99,342.5131531,4,13.83891487
woburn north,2020,181,623.2352905,0,0,25,86.08222198,1,3.443289042,26,89.5255127,2,6.886578083,80,275.4631348,13,44.76275635
woburn north,2021,178,614.725769,4,13.81406307,28,96.69844055,0,0,10,34.53515625,7,24.17461014,78,269.3742371,8,27.62812614
woburn north,2022,183,627.3568726,9,30.50847458,35,119.98629,2,6.856359482,23,78.84812927,7,23.99725723,104,352.5423729,12,41.13815689
woburn north,2023,186,630.5084839,13,44.0677948,44,149.1525421,2,6.779661179,22,74.57627106,4,13.55932236,92,311.8644104,9,30.50847435
york university heights,2014,271,940.2866211,15,52.04538345,108,374.7267761,1,3.46969223,59,204.7118378,2,6.93938446,141,489.226593,30,104.0907669
york university heights,2015,294,1025.748413,27,94.20137787,140,488.4515991,0,0,85,296.559906,1,3.488940001,122,425.6506958,46,160.4912415
york university heights,2016,361,1264.6698,25,87.58100891,99,346.8208008,2,7.006481171,69,241.723587,5,17.51620293,136,476.4407043,38,133.1231384
york university heights,2017,342,1184.29248,33,114.2738419,105,363.5986023,1,3.462843657,75,259.7132874,10,34.62843704,164,567.9063721,38,131.5880585
york university heights,2018,355,1213.260376,36,123.0348587,122,416.9514771,1,3.417634964,91,311.0047913,8,27.34107971,169,577.5803223,37,126.4524918
york university heights,2019,378,1279.837524,18,60.94464111,111,375.8252869,0,0,82,277.6366882,6,20.31488037,159,538.3443604,31,104.9602203
york university heights,2020,347,1172.138916,39,131.7389526,105,354.6817932,1,3.37792182,47,158.7623291,12,40.5350647,262,885.015564,42,141.8727264
york university heights,2021,331,1121.615723,18,60.99420547,114,386.2966309,6,20.33140182,40,135.5426788,14,47.43993759,200,677.7133789,32,108.4341431
york university heights,2022,333,1123.0271,34,113.723785,127,428.3016357,3,10.11736107,51,171.9951477,13,43.84189987,215,719.1356992,59,198.9747772
york university heights,2023,409,1368.030273,16,53.51707458,218,729.170166,0,0,106,354.5506287,6,20.06890297,178,595.3774414,40,133.7926941
